<?xml version="1.0" encoding="utf-8"?>
<extension version="3" type="plugin" group="editors-xtd" method="upgrade">
  <name>PLG_EDITORS-XTD_SOURCERER</name>
  <description>PLG_EDITORS-XTD_SOURCERER_DESC</description>
  <version>9.5.0</version>
  <creationDate>March 2023</creationDate>
  <author>Regular Labs (Peter van Westen)</author>
  <authorEmail>info@regularlabs.com</authorEmail>
  <authorUrl>https://regularlabs.com</authorUrl>
  <copyright>Copyright © 2023 Regular Labs - All Rights Reserved</copyright>
  <license>http://www.gnu.org/licenses/gpl-2.0.html GNU/GPL</license>
  <files>
    <file plugin="sourcerer">sourcerer.php</file>
    <file>fields.xml</file>
    <file>helper.php</file>
    <file>popup.php</file>
    <file>popup.tmpl.php</file>
    <folder>language</folder>
    <folder>layouts</folder>
  </files>
  <config>
    <fields name="params" addfieldpath="/libraries/regularlabs/fields">
      <fieldset name="basic">
        <field name="@license" type="rl_license" extension="SOURCERER"/>
        <field name="@version" type="rl_version" extension="SOURCERER"/>
        <field name="@dependency" type="rl_dependency" label="SRC_THE_SYSTEM_PLUGIN" file="/plugins/system/sourcerer/sourcerer.xml"/>
        <field name="@header" type="rl_header" label="SOURCERER" description="SOURCERER_DESC" url="https://regularlabs.com/sourcerer"/>
        <field name="@note__settings" type="note" class="alert alert-info" description="SRC_SETTINGS,&lt;a href=&quot;index.php?option=com_plugins&amp;filter_folder=system&amp;filter_search=sourcerer&quot; target=&quot;_blank&quot;&gt;,&lt;/a&gt;"/>
      </fieldset>
    </fields>
  </config>
</extension>
