<?xml version="1.0" encoding="utf-8"?>
<extension version="3" type="library" method="upgrade">
  <name>Regular Labs Library</name>
  <description>Regular Labs Library - used by Regular Labs extensions</description>
  <version>23.3.19307</version>
  <creationDate>March 2023</creationDate>
  <author>Regular Labs (Peter van Westen)</author>
  <authorEmail>info@regularlabs.com</authorEmail>
  <authorUrl>https://regularlabs.com</authorUrl>
  <copyright>Copyright © 2023 Regular Labs - All Rights Reserved</copyright>
  <license>http://www.gnu.org/licenses/gpl-2.0.html GNU/GPL</license>
  <libraryname>regularlabs</libraryname>
  <scriptfile>script.install.php</scriptfile>
  <files>
    <file>autoload.php</file>
    <file>regularlabs.xml</file>
    <folder>fields</folder>
    <folder>helpers</folder>
    <folder>layouts</folder>
    <folder>src</folder>
    <folder>vendor</folder>
  </files>
  <media folder="media" destination="regularlabs">
    <folder>css</folder>
    <folder>fonts</folder>
    <folder>images</folder>
    <folder>js</folder>
    <folder>less</folder>
  </media>
</extension>
