<?xml version="1.0" encoding="utf-8"?>
<extension version="3" type="plugin" group="system" method="upgrade">
  <name>PLG_SYSTEM_SOURCERER</name>
  <description>PLG_SYSTEM_SOURCERER_DESC</description>
  <version>9.5.0</version>
  <creationDate>March 2023</creationDate>
  <author>Regular Labs (Peter van Westen)</author>
  <authorEmail>info@regularlabs.com</authorEmail>
  <authorUrl>https://regularlabs.com</authorUrl>
  <copyright>Copyright © 2023 Regular Labs - All Rights Reserved</copyright>
  <license>http://www.gnu.org/licenses/gpl-2.0.html GNU/GPL</license>
  <files>
    <file plugin="sourcerer">sourcerer.php</file>
    <folder>language</folder>
    <folder>src</folder>
    <folder>vendor</folder>
  </files>
  <media folder="media" destination="sourcerer">
    <folder>css</folder>
    <folder>images</folder>
    <folder>js</folder>
    <folder>less</folder>
  </media>
  <config>
    <fields name="params" addfieldpath="/libraries/regularlabs/fields">
      <fieldset name="basic">
        <field name="@load_language_regularlabs" type="rl_loadlanguage" extension="plg_system_regularlabs"/>
        <field name="@load_language" type="rl_loadlanguage" extension="plg_system_sourcerer"/>
        <field name="@license" type="rl_license" extension="SOURCERER"/>
        <field name="@version" type="rl_version" extension="SOURCERER"/>
        <field name="@header" type="rl_header" label="SOURCERER" description="SOURCERER_DESC" url="https://regularlabs.com/sourcerer"/>
      </fieldset>
      <fieldset name="SRC_SECURITY_SETTINGS_DEFAULT">
        <field name="@block__default" type="note" class="alert alert-info" description="SRC_SECURITY_SETTINGS_DEFAULT_DESC"/>
        <field name="@block__default_css__a" type="rl_block" start="1" label="SRC_CSS"/>
        <field name="enable_css" type="radio" class="btn-group" default="1" label="SRC_ALLOW_CSS_TAGS" description="SRC_ALLOW_CSS_TAGS_DESC">
          <option value="0">JNO</option>
          <option value="1">JYES</option>
        </field>
        <field name="@block__default_css__b" type="rl_block" end="1"/>
        <field name="@block__default_js__a" type="rl_block" start="1" label="SRC_JAVASCRIPT"/>
        <field name="enable_js" type="radio" class="btn-group" default="1" label="SRC_ALLOW_JAVASCRIPT_TAGS" description="SRC_ALLOW_JAVASCRIPT_TAGS_DESC">
          <option value="0">JNO</option>
          <option value="1">JYES</option>
        </field>
        <field name="@block__default_js__b" type="rl_block" end="1"/>
        <field name="@block__default_php__a" type="rl_block" start="1" label="SRC_PHP"/>
        <field name="enable_php" type="radio" class="btn-group" default="1" label="SRC_ALLOW_PHP_TAGS" description="SRC_ALLOW_PHP_TAGS_DESC">
          <option value="0">JNO</option>
          <option value="1">JYES</option>
        </field>
        <field name="@showon__default_php__a" type="rl_showon" value="enable_php:1"/>
        <field name="forbidden_php" type="textarea" rows="3" cols="40" default="dl, escapeshellarg, escapeshellcmd, exec, passthru, popen, proc_close, proc_open, shell_exec, symlink, system" label="SRC_FORBIDDEN_PHP_FUNCTIONS" description="SRC_FORBIDDEN_PHP_FUNCTIONS_DESC"/>
        <field name="forbidden_tags" type="rl_textareaplus" width="400" height="80" default="" label="SRC_FORBIDDEN_HTML_TAGS" description="SRC_FORBIDDEN_HTML_TAGS_DESC"/>
        <field name="@showon__default_php__b" type="rl_showon"/>
        <field name="@block__default_php__b" type="rl_block" end="1"/>
      </fieldset>
      <fieldset name="SRC_SECURITY_SETTINGS_ARTICLES">
        <field name="@block__articles" type="note" class="alert alert-info" description="SRC_SECURITY_SETTINGS_ARTICLES_DESC"/>
        <field name="@note__articles_security_level" type="rl_onlypro" label="SRC_SECURITY_LEVEL" description="SRC_SECURITY_LEVEL_DESC"/>
        <field name="@block__articles_css__a" type="rl_block" start="1" label="SRC_CSS"/>
        <field name="@note__articles_enable_css" type="rl_onlypro" label="SRC_ALLOW_CSS_TAGS" description="SRC_ALLOW_CSS_TAGS_DESC"/>
        <field name="@block__articles_css__b" type="rl_block" end="1"/>
        <field name="@block__articles_js__a" type="rl_block" start="1" label="SRC_JAVASCRIPT"/>
        <field name="@note__articles_enable_js" type="rl_onlypro" label="SRC_ALLOW_JAVASCRIPT_TAGS" description="SRC_ALLOW_JAVASCRIPT_TAGS_DESC"/>
        <field name="@block__articles_js__b" type="rl_block" end="1"/>
        <field name="@block__articles_php__a" type="rl_block" start="1" label="SRC_PHP"/>
        <field name="@note__articles_enable_php" type="rl_onlypro" label="SRC_ALLOW_PHP_TAGS" description="SRC_ALLOW_PHP_TAGS_DESC"/>
        <field name="@block__articles_php__b" type="rl_block" end="1"/>
      </fieldset>
      <fieldset name="SRC_SECURITY_SETTINGS_COMPONENTS">
        <field name="@block__components" type="note" class="alert alert-info" description="SRC_SECURITY_SETTINGS_COMPONENTS_DESC"/>
        <field name="@note__articles_security_level" type="rl_onlypro" label="RL_DISABLE_ON_COMPONENTS" description="SRC_DISABLE_ON_COMPONENTS_DESC"/>
        <field name="@block__components_css__a" type="rl_block" start="1" label="SRC_CSS"/>
        <field name="@note__components_enable_css" type="rl_onlypro" label="SRC_ALLOW_CSS_TAGS" description="SRC_ALLOW_CSS_TAGS_DESC"/>
        <field name="@block__components_css__b" type="rl_block" end="1"/>
        <field name="@block__components_js__a" type="rl_block" start="1" label="SRC_JAVASCRIPT"/>
        <field name="@note__components_enable_js" type="rl_onlypro" label="SRC_ALLOW_JAVASCRIPT_TAGS" description="SRC_ALLOW_JAVASCRIPT_TAGS_DESC"/>
        <field name="@block__components_js__b" type="rl_block" end="1"/>
        <field name="@block__components_php__a" type="rl_block" start="1" label="SRC_PHP"/>
        <field name="@note__components_enable_php" type="rl_onlypro" label="SRC_ALLOW_PHP_TAGS" description="SRC_ALLOW_PHP_TAGS_DESC"/>
        <field name="@wizard" type="radio" class="btn-group" default="0" label="SRC_SHOW_WIZARD">
          <option value="0">JNO</option>
          <option value="">JYES</option>
        </field>
        <field name="@block__wizard" type="note" class="alert alert-info text-center" description="&lt;img src=&quot;../media/sourcerer/images/wizard.gif?20230311&quot; alt=&quot;&quot; width=&quot;160&quot; height=&quot;160&quot; /&gt;&lt;h4&gt;The Day of the Sourcerer&lt;/h4&gt;&lt;p&gt;He stands up and he wakes,&lt;br /&gt;He adds and he takes,&lt;br /&gt;He mixes and he shakes,&lt;br /&gt;He explodes and he bakes,&lt;br /&gt;But he makes no mistakes!&lt;/p&gt;" showon="@wizard:"/>
        <field name="@block__components_php__b" type="rl_block" end="1"/>
      </fieldset>
      <fieldset name="SRC_SECURITY_SETTINGS_OTHER_AREAS">
        <field name="@block__otherareas" type="note" class="alert alert-info" description="SRC_SECURITY_SETTINGS_OTHER_AREAS_DESC"/>
        <field name="@note__articles_security_level" type="rl_onlypro" label="RL_ENABLE_OTHER_AREAS" description="SRC_ENABLE_OTHER_AREAS_DESC"/>
        <field name="@block__otherareas_css__a" type="rl_block" start="1" label="SRC_CSS"/>
        <field name="@noticeother_enable_css" type="rl_onlypro" label="SRC_ALLOW_CSS_TAGS" description="SRC_ALLOW_CSS_TAGS_DESC"/>
        <field name="@block__otherareas_css__b" type="rl_block" end="1"/>
        <field name="@block__otherareas_js__a" type="rl_block" start="1" label="SRC_JAVASCRIPT"/>
        <field name="@note__other_enable_js" type="rl_onlypro" label="SRC_ALLOW_JAVASCRIPT_TAGS" description="SRC_ALLOW_JAVASCRIPT_TAGS_DESC"/>
        <field name="@block__otherareas_js__b" type="rl_block" end="1"/>
        <field name="@block__otherareas_php__a" type="rl_block" start="1" label="SRC_PHP"/>
        <field name="@note__other_enable_php" type="rl_onlypro" label="SRC_ALLOW_PHP_TAGS" description="SRC_ALLOW_PHP_TAGS_DESC"/>
        <field name="@block__otherareas_php__b" type="rl_block" end="1"/>
      </fieldset>
      <fieldset name="RL_SETTINGS_EDITOR_BUTTON">
        <field name="button_text" type="text" default="Code" label="RL_BUTTON_TEXT" description="RL_BUTTON_TEXT_DESC"/>
        <field name="enable_frontend" type="radio" class="btn-group" default="1" label="RL_ENABLE_IN_FRONTEND" description="RL_ENABLE_IN_FRONTEND_DESC">
          <option value="0">JNO</option>
          <option value="1">JYES</option>
        </field>
      </fieldset>
      <fieldset name="RL_TAG_SYNTAX">
        <field name="syntax_word" type="text" size="20" default="source" label="SRC_SYNTAX_WORD" description="SRC_SYNTAX_WORD_DESC"/>
        <field name="tag_characters" type="list" default="{.}" class="input-small" label="RL_TAG_CHARACTERS" description="RL_TAG_CHARACTERS_DESC">
          <option value="{.}">{...}</option>
          <option value="[.]">[...]</option>
          <option value="«.»">«...»</option>
          <option value="{{.}}">{{...}}</option>
          <option value="[[.]]">[[...]]</option>
          <option value="[:.:]">[:...:]</option>
          <option value="[%.%]">[%...%]</option>
        </field>
      </fieldset>
      <fieldset name="advanced">
        <field name="@load_language_config" type="rl_loadlanguage" extension="com_config"/>
        <field name="trim" type="radio" class="btn-group" default="0" label="RL_STRIP_SURROUNDING_TAGS" description="RL_STRIP_SURROUNDING_TAGS_DESC">
          <option value="0">JNO</option>
          <option value="1">JYES</option>
        </field>
        <field name="enable_in_head" type="radio" class="btn-group" default="0" label="SRC_ENABLE_IN_HEAD" description="SRC_ENABLE_IN_HEAD_DESC">
          <option value="0">JNO</option>
          <option value="1">JYES</option>
        </field>
        <field name="remove_from_search" type="radio" class="btn-group" default="0" label="SRC_REMOVE_FROM_SEARCH" description="SRC_REMOVE_FROM_SEARCH_DESC">
          <option value="0">JNO</option>
          <option value="1">JYES</option>
        </field>
        <field name="include_path" type="text" default="/" label="SRC_INCLUDE_PATH" description="SRC_INCLUDE_PATH_DESC"/>
        <field name="tmp_path" type="text" default="" label="COM_CONFIG_FIELD_TEMP_PATH_LABEL" description="%s&lt;br&gt;%s,COM_CONFIG_FIELD_TEMP_PATH_DESC,SRC_TMP_PATH_DESC" hint="JDEFAULT"/>
        <field name="place_comments" type="radio" class="btn-group" default="1" label="RL_PLACE_HTML_COMMENTS" description="RL_PLACE_HTML_COMMENTS_DESC">
          <option value="0">JNO</option>
          <option value="1">JYES</option>
        </field>
      </fieldset>
    </fields>
  </config>
</extension>
